feature,coef,odds_ratio
log_total_charges,-0.8127232661314474,0.4436482473949007
contract_months,-0.6389165241720405,0.527864042250101
monthly_charges,0.37820715859383675,1.4596652937671517
internet_service_Fiber optic,0.3060224804612289,1.3580128349596294
streaming_tv_Yes,0.2714540923700958,1.3118706456019935
contract_type_Two year,-0.26792223713952795,0.7649672648327024
contract_type_Month-to-month,0.26558433432723033,1.3041928378100824
payment_method_Electronic check,0.23842831256977282,1.2692527133096028
internet_service_DSL,-0.22734887509172685,0.7966428049716199
multiple_lines_No,-0.22291512929241974,0.8001827584896692
tech_support_No,0.21700993026770915,1.2423564390085393
multiple_lines_Yes,0.2156206918068101,1.2406317079700615
price_vs_peers,-0.2145797051403264,0.8068804966456014
paperless_billing,0.2061437683320562,1.2289298724933224
payment_method_Mailed check,-0.19805232271936932,0.8203269302791564
streaming_tv_No,-0.19278048700058287,0.8246629785158969
online_security_No,0.1830993856654779,1.2009337577506183
n_services,0.1655365577650275,1.180026101047863
online_backup_No,0.15869629932219795,1.1719819609109936
streaming_movies_Yes,0.14000454183846686,1.1502790232268785
tech_support_Yes,-0.13833632489821862,0.8708057688283549
tenure,-0.13209020595932475,0.8762619474645531
online_security_Yes,-0.10442578029597703,0.9008416551267875
auto_pay,-0.08393346758172937,0.9194924301150315
online_security_No internet service,-0.08102126846912701,0.9221740780051271
streaming_movies_No internet service,-0.08102126846912701,0.9221740780051271
online_backup_No internet service,-0.08102126846912701,0.9221740780051271
internet_service_No,-0.08102126846912701,0.9221740780051271
tech_support_No internet service,-0.08102126846912701,0.9221740780051271
streaming_tv_No internet service,-0.08102126846912701,0.9221740780051271
device_protection_No internet service,-0.08102126846912701,0.9221740780051271
device_protection_No,0.08010165031016381,1.0833971897382604
online_backup_Yes,-0.0800226939526888,0.9230953974656524
gender_Male,-0.07830110314088011,0.9246859587753684
senior_citizen,0.0706905152953337,1.0732490203086555
dependents,-0.06519262045826207,0.936886982395908
streaming_movies_No,-0.061330936468960075,0.940511938568425
charge_drift,-0.05462910996044547,0.9468362549744698
partner,-0.05322197589258273,0.9481695183456961
n_addons,0.049830113286744505,1.0510925145544892
payment_method_Bank transfer (automatic),-0.03526338472474109,0.9653511240306111
phone_service,-0.017727855392847536,0.9824283585606546
payment_method_Credit card (automatic),-0.00746026822525251,0.9925674905036628
multiple_lines_No phone service,0.004946774385973718,1.0049590298744322
device_protection_Yes,-0.001428044940658124,0.9985729742303198
contract_type_One year,-9.760287313884748e-06,0.9999902397603175
