feature,auc_drop,std
log_total_charges,0.056196491771939305,0.0044057766869189455
contract_months,0.04750135627373475,0.0035592106890902685
monthly_charges,0.03725206024438758,0.0032049780265358185
tenure,0.008166834586271876,0.0014971274000125441
internet_service,0.007065798651476341,0.0008570925879845763
paperless_billing,0.0052840424707432335,0.0019111867631034904
online_security,0.004323542328657415,0.0010292973771139809
price_vs_peers,0.003910460099718382,0.0016287101739716721
streaming_tv,0.0032684905319176672,0.0021892324097965103
contract_type,0.0019044666614998818,0.0005702726066462421
tech_support,0.0016993464052287744,0.0011946455802131649
senior_citizen,0.001568369113126189,0.0013246895122752847
auto_pay,0.0014634839443023128,0.0007635782642669972
payment_method,0.001315456353819533,0.0008655399983968506
online_backup,0.0011692371283164248,0.0004170635634683258
n_addons,0.001102585961920921,0.0005623271589619133
gender,0.0008073057945180651,0.0005633755731319742
phone_service,0.0006238859180035528,0.0010821929664718913
streaming_movies,0.0005159006949287503,0.0006301350124067207
device_protection,0.0004422744064687123,0.0006724091197140323
n_services,0.000413857242501714,0.0005046863883121422
multiple_lines,0.00034048929189591794,0.0011543354023827686
partner,-0.0008569066625332856,0.0009265601820995561
dependents,-0.0010307680384406437,0.0002609186749751483
charge_drift,-0.0017895063163605673,0.0004922550364918228
