segment,churned,mrr_lost,pct_of_total_loss,cumulative_pct,loss_rank
Month-to-month / Electronic check,994,77315.6,55.57,55.57,1
Month-to-month / Bank transfer (automatic),201,15151.95,10.89,66.46,2
Month-to-month / Mailed check,282,15044.4,10.81,77.27,3
Month-to-month / Credit card (automatic),178,13335.15,9.58,86.86,4
One year / Electronic check,64,5826.8,4.19,91.05,5
One year / Credit card (automatic),41,3544.65,2.55,93.59,6
One year / Bank transfer (automatic),38,3127.15,2.25,95.84,7
Two year / Bank transfer (automatic),19,1812.8,1.3,97.14,8
One year / Mailed check,23,1619.85,1.16,98.31,9
Two year / Electronic check,13,1146.35,0.82,99.13,10
Two year / Credit card (automatic),13,1066.8,0.77,99.9,11
Two year / Mailed check,3,139.35,0.1,100.0,12
